f00_17417149	fractals/17417149f0a09c73.nn
f01_a10239dd	fractals_1/a10239dd1a1aa552.nn
f02_aba15c34	fractals/aba15c34ada36763.nn
f03_264d4785	fractals/264d4785bb97fd85.nn
f04_c54ad755	fractals/c54ad755728470eb.nn
f05_f60860a9	fractals/f60860a9be258837.nn
f06_f38c1149	fractals/f38c114970862d3e.nn
f07_90bf5779	fractals_1/90bf577983d50fa1.nn
f08_0fb02209	fractals/0fb022094cf674f3.nn
f09_47ead2d8	fractals_1/47ead2d8889ea33c.nn
f10_33e431f8	fractals/33e431f88774273d.nn
f11_3356eee1	fractals/3356eee1a706668b.nn
f12_09ddbe26	fractals/09ddbe2623dd6692.nn
f13_202f2697	fractals/202f2697678e4cee.nn
